1,1N4148XTPMSCT-ND,D1
1,587-2045-1-ND,L1
3,311-4.70KCRCT-ND,R12|R25|R9
1,311-12.0KCRCT-ND,R20
1,668-1391-ND,MIC1
2,311-10.0MCRCT-ND,R15|R18
1,311-470KCRCT-ND,R10
1,311-220KCRCT-ND,R2
1,MCP602T-I/SNCT-ND,U1
1,311-100KCRCT-ND,R6
7,490-4789-1-ND,C1|C10|C12|C2|C3|C5|C9
4,311-100CRCT-ND,R17|R26|R4|R5
1,490-6462-1-ND,C11
8,311-10.0KCRCT-ND,R1|R13|R19|R21|R22|R23|R3|R7
1,PCE3898CT-ND,C4
2,490-6477-1-ND,C6|C7
1,MC7805BDTRKGOSCT-ND,U4
1,TC33X-103ECT-ND,RV1
1,311-5.60KCRCT-ND,R11
1,311-560KCRCT-ND,R16
3,311-1.00MCRCT-ND,R24|R27|R28
1,399-1122-1-ND,C8
1,311-120KCRCT-ND,R14
1,497-1593-1-ND,U2
5,BS170FCT-ND,Q1|Q2|Q3|Q4|Q5
